Workbook
Name Slicer_DepartmentLocation: #N/A
Name Slicer_Industry: #N/A
Name Slicer_Manager_Support: #N/A

Sheet pivot table
A3: industry | B3: Count of Employee_ID | D3: Average of Productivity_Score | E3: Column Labels
A4: Non-profit | B4: 40 | D4: company size | E4: Director | F4: Junior | G4: Lead | H4: Manager | I4: Mid-Level | J4: Senior | K4: Grand Total
A5: Media | B5: 72 | D5: Enterprise (5000+) | E5: 88.5 | F5: 76.322 | G5: 85.961905 | H5: 97.5 | I5: 84.208889 | J5: 90.062069 | K5: 83.617647
A6: Government | B6: 74 | D6: Large (1001-5000) | E6: 87.6 | F6: 80.568276 | G6: 89.172973 | H6: 89.841176 | I6: 81.160177 | J6: 89.408219 | K6: 83.664767
A7: Consulting | B7: 88 | D7: Medium (201-1000) | E7: 87.633333 | F7: 75.662044 | G7: 86.626471 | H7: 87.838462 | I7: 82.994118 | J7: 86.612632 | K7: 81.795312
A8: Manufacturing | B8: 93 | D8: Small (51-200) | E8: 80.6 | F8: 79.409774 | G8: 86.789286 | H8: 88.723529 | I8: 83.010309 | J8: 89.430263 | K8: 83.605682
A9: Retail | B9: 106 | D9: Startup (1-50) | E9: 80.3 | F9: 80.202703 | G9: 83.844828 | H9: 92.714286 | I9: 83.196923 | J9: 85.959184 | K9: 83.180444
A10: Education | B10: 144 | D10: Grand Total | E10: 85.7 | F10: 78.59128 | G10: 86.654362 | H10: 90.311475 | I10: 82.667536 | J10: 88.122671 | K10: 83.094867
A11: Healthcare | B11: 185
A12: Finance | B12: 223
A13: Technology | B13: 475
A14: Grand Total | B14: 1500
A20: industry | B20: Average of Productivity_Score | D20: internet speed | E20: Average of Productivity_Score | G20: home offece quality | H20: Average of Productivity_Score | J20: manager support level | K20: Average of Productivity_Score
A21: Customer Success | B21: 79.861667 | D21: Fast (50-100 Mbps) | E21: 83.431485 | G21: Poor | H21: 75.881416 | J21: Very Low | K21: 68.733333
A22: Data Science | B22: 82.9125 | D22: Moderate (25-50 Mbps) | E22: 81.511255 | G22: Good | H22: 83.718487 | J22: Very High | K22: 87.587747
A23: Design | B23: 85.781667 | D23: Slow (<25 Mbps) | E23: 82.132877 | G23: Excellent | H23: 86.159118 | J23: Moderate | K23: 80.631919
A24: Engineering | B24: 85.298681 | D24: Very Fast (100+ Mbps) | E24: 83.479884 | G24: Average | H24: 81.772345 | J24: Low | K24: 76.585057
A25: Finance | B25: 83.216964 | D25: Grand Total | E25: 83.094867 | G25: Grand Total | H25: 83.094867 | J25: High | K25: 86.938415
A26: HR | B26: 83.135644 | J26: Grand Total | K26: 83.094867
A27: Marketing | B27: 83.564773
A28: Operations | B28: 81.610949
A29: Product | B29: 80.998765
A30: Sales | B30: 80.653465
A31: Grand Total | B31: 83.094867
A35: age | B35: Average of Job_Satisfaction | E35: education | F35: Average of Task_Completion_Rate | J35: Column Labels
A36: >60 | B36: 99.3 | E36: Associate Degree | F36: 82.991503 | J36: Average of Work_Life_Balance | L36: Average of Stress_Level | N36: Total Average of Work_Life_Balance | O36: Total Average of Stress_Level
A37: 20-29 | B37: 93.016787 | E37: Bachelor Degree | F37: 83.021545 | I37: marital status | J37: No | K37: Yes | L37: No | M37: Yes
A38: 30-39 | B38: 95.929495 | E38: High School | F38: 81.627778 | I38: Divorced | J38: 6.317757 | K38: 6.0126582 | L38: 5.7570093 | M38: 5.2531646 | N38: 6.188172 | O38: 5.5430108
A39: 40-49 | B39: 96.669231 | E39: Master Degree | F39: 81.523517 | I39: Engaged | J39: 6.6578947 | L39: 5.4210526 | N39: 6.6578947 | O39: 5.4210526
A40: 50-60 | B40: 97.025301 | E40: PhD | F40: 85.2625 | I40: Married | J40: 6.0678392 | K40: 6.2789598 | L40: 5.6859296 | M40: 5.7375887 | N40: 6.1766139 | O40: 5.7125457
A41: Grand Total | B41: 95.3644 | E41: Professional Degree | F41: 77.768 | I41: Single | J41: 6.2446043 | L41: 5.7194245 | N41: 6.2446043 | O41: 5.7194245
E42: Grand Total | F42: 82.507133 | I42: Grand Total | J42: 6.2134269 | K42: 6.2370518 | L42: 5.6873747 | M42: 5.6613546 | N42: 6.2213333 | O42: 5.6786667

Sheet charts
H4: Remote Worker Productivity Dashboard

Sheet Fact_Productivity
A1: Employee_ID | B1: Job_ID | C1: Env_ID | D1: Support_ID | E1: Survey_Date | F1: WFH_Days_Per_Week | G1: Work_Hours_Per_Week | H1: Productivity_Score | I1: Task_Completion_Rate | J1: Quality_Score | K1: Innovation_Score | L1: Efficiency_Rating | M1: Meetings_Per_Week | N1: Commute_Time_Minutes | O1: Job_Satisfaction | P1: Stress_Level | Q1: Work_Life_Balance | R1: Response_Quality | S1: Industry | T1: DepartmentLocation | U1: Job Level | V1: Company Size | W1: Location Type | X1: Home Office Quality | Y1: Internet Speed | Z1: Manager Support | AA1: Age | AB1: Gender | AC1: Education Level | AD1: Marital Status | AE1: Has Children
A2: EMP0001 | B2: 1 | C2: 1 | D2: 1 | E2: 2024-04-05 | F2: 2 | G2: 41 | H2: 52.2 | I2: 56.6 | J2: 58.1 | K2: 52.1 | L2: 72.1 | M2: 4 | N2: 48 | O2: 55.9 | P2: 6 | Q2: 8 | R2: Medium | S2: =INDEX(Dim_Job!$D:$D,MATCH(B2,Dim_Job!$E:$E,0)) -> Finance | T2: =INDEX(Dim_Job!$A:$A,MATCH(B2,Dim_Job!$E:$E,0)) -> Product | U2: =INDEX(Dim_Job!$B:$B,MATCH(B2,Dim_Job!$E:$E,0)) -> Mid-Level | V2: =INDEX(Dim_Job!$C:$C,MATCH(B2,Dim_Job!$E:$E,0)) -> Large (1001-5000) | W2: =INDEX(Dim_Environment!$A:$A,MATCH(C2,Dim_Environment!$D:$D,0)) -> Urban | X2: =INDEX(Dim_Environment!$B:$B,MATCH(C2,Dim_Environment!$D:$D,0)) -> Good | Y2: =INDEX(Dim_Environment!$C:$C,MATCH(C2,Dim_Environment!$D:$D,0)) -> Very Fast (100+ Mbps) | Z2: =INDEX(Dim_Support!$A:$A,MATCH(D2,Dim_Support!$C:$C,0)) -> Low | AA2: =INDEX(Dim_Employee!$B:$B,MATCH(A2,Dim_Employee!$A:$A,0)) -> 39 | AB2: =INDEX(Dim_Employee!$C:$C,MATCH(A2,Dim_Employee!$A:$A,0)) -> Female | AC2: =INDEX(Dim_Employee!$D:$D,MATCH(A2,Dim_Employee!$A:$A,0)) -> Associate Degree | AD2: =INDEX(Dim_Employee!$E:$E,MATCH(A2,Dim_Employee!$A:$A,0)) -> Married | AE2: =IF(OR(AD2="Single",AD2="Engaged"),"No",INDEX(Dim_Employee!$F:$F,MATCH(A2,Dim_Employee!$A:$A,0))) -> Yes
A3: EMP0002 | B3: 2 | C3: 1 | D3: 2 | E3: 2024-01-29 | F3: 5 | G3: 52 | H3: 81.5 | I3: 70.8 | J3: 93.3 | K3: 77.9 | L3: 89.5 | M3: 12 | N3: 0 | O3: 96.1 | P3: 3 | Q3: 8 | R3: High | S3: =INDEX(Dim_Job!$D:$D,MATCH(B3,Dim_Job!$E:$E,0)) -> Education | T3: =INDEX(Dim_Job!$A:$A,MATCH(B3,Dim_Job!$E:$E,0)) -> Customer Success | U3: =INDEX(Dim_Job!$B:$B,MATCH(B3,Dim_Job!$E:$E,0)) -> Senior | V3: =INDEX(Dim_Job!$C:$C,MATCH(B3,Dim_Job!$E:$E,0)) -> Startup (1-50) | W3: =INDEX(Dim_Environment!$A:$A,MATCH(C3,Dim_Environment!$D:$D,0)) -> Urban | X3: =INDEX(Dim_Environment!$B:$B,MATCH(C3,Dim_Environment!$D:$D,0)) -> Good | Y3: =INDEX(Dim_Environment!$C:$C,MATCH(C3,Dim_Environment!$D:$D,0)) -> Very Fast (100+ Mbps) | Z3: =INDEX(Dim_Support!$A:$A,MATCH(D3,Dim_Support!$C:$C,0)) -> Moderate | AA3: =INDEX(Dim_Employee!$B:$B,MATCH(A3,Dim_Employee!$A:$A,0)) -> 33 | AB3: =INDEX(Dim_Employee!$C:$C,MATCH(A3,Dim_Employee!$A:$A,0)) -> Female | AC3: =INDEX(Dim_Employee!$D:$D,MATCH(A3,Dim_Employee!$A:$A,0)) -> Master Degree | AD3: =INDEX(Dim_Employee!$E:$E,MATCH(A3,Dim_Employee!$A:$A,0)) -> Married | AE3: =IF(OR(AD3="Single",AD3="Engaged"),"No",INDEX(Dim_Employee!$F:$F,MATCH(A3,Dim_Employee!$A:$A,0))) -> No
A4: EMP0003 | B4: 3 | C4: 2 | D4: 3 | E4: 2024-01-18 | F4: 3 | G4: 43 | H4: 82.2 | I4: 81.9 | J4: 84.7 | K4: 63.2 | L4: 95 | M4: 15 | N4: 24 | O4: 90.4 | P4: 5 | Q4: 6 | R4: High | S4: =INDEX(Dim_Job!$D:$D,MATCH(B4,Dim_Job!$E:$E,0)) -> Technology | T4: =INDEX(Dim_Job!$A:$A,MATCH(B4,Dim_Job!$E:$E,0)) -> Operations | U4: =INDEX(Dim_Job!$B:$B,MATCH(B4,Dim_Job!$E:$E,0)) -> Mid-Level | V4: =INDEX(Dim_Job!$C:$C,MATCH(B4,Dim_Job!$E:$E,0)) -> Medium (201-1000) | W4: =INDEX(Dim_Environment!$A:$A,MATCH(C4,Dim_Environment!$D:$D,0)) -> Rural | X4: =INDEX(Dim_Environment!$B:$B,MATCH(C4,Dim_Environment!$D:$D,0)) -> Excellent | Y4: =INDEX(Dim_Environment!$C:$C,MATCH(C4,Dim_Environment!$D:$D,0)) -> Fast (50-100 Mbps) | Z4: =INDEX(Dim_Support!$A:$A,MATCH(D4,Dim_Support!$C:$C,0)) -> Moderate | AA4: =INDEX(Dim_Employee!$B:$B,MATCH(A4,Dim_Employee!$A:$A,0)) -> 40 | AB4: =INDEX(Dim_Employee!$C:$C,MATCH(A4,Dim_Employee!$A:$A,0)) -> Male | AC4: =INDEX(Dim_Employee!$D:$D,MATCH(A4,Dim_Employee!$A:$A,0)) -> PhD | AD4: =INDEX(Dim_Employee!$E:$E,MATCH(A4,Dim_Employee!$A:$A,0)) -> Single | AE4: =IF(OR(AD4="Single",AD4="Engaged"),"No",INDEX(Dim_Employee!$F:$F,MATCH(A4,Dim_Employee!$A:$A,0))) -> No
A5: EMP0004 | B5: 4 | C5: 3 | D5: 4 | E5: 2024-04-18 | F5: 3 | G5: 45 | H5: 75.6 | I5: 70.2 | J5: 67.8 | K5: 82.5 | L5: 95 | M5: 8 | N5: 8 | O5: 100 | P5: 10 | Q5: 5 | R5: High | S5: =INDEX(Dim_Job!$D:$D,MATCH(B5,Dim_Job!$E:$E,0)) -> Technology | T5: =INDEX(Dim_Job!$A:$A,MATCH(B5,Dim_Job!$E:$E,0)) -> Finance | U5: =INDEX(Dim_Job!$B:$B,MATCH(B5,Dim_Job!$E:$E,0)) -> Manager | V5: =INDEX(Dim_Job!$C:$C,MATCH(B5,Dim_Job!$E:$E,0)) -> Medium (201-1000) | W5: =INDEX(Dim_Environment!$A:$A,MATCH(C5,Dim_Environment!$D:$D,0)) -> Urban | X5: =INDEX(Dim_Environment!$B:$B,MATCH(C5,Dim_Environment!$D:$D,0)) -> Excellent | Y5: =INDEX(Dim_Environment!$C:$C,MATCH(C5,Dim_Environment!$D:$D,0)) -> Very Fast (100+ Mbps) | Z5: =INDEX(Dim_Support!$A:$A,MATCH(D5,Dim_Support!$C:$C,0)) -> High | AA5: =INDEX(Dim_Employee!$B:$B,MATCH(A5,Dim_Employee!$A:$A,0)) -> 48 | AB5: =INDEX(Dim_Employee!$C:$C,MATCH(A5,Dim_Employee!$A:$A,0)) -> Male | AC5: =INDEX(Dim_Employee!$D:$D,MATCH(A5,Dim_Employee!$A:$A,0)) -> Bachelor Degree | AD5: =INDEX(Dim_Employee!$E:$E,MATCH(A5,Dim_Employee!$A:$A,0)) -> Married | AE5: =IF(OR(AD5="Single",AD5="Engaged"),"No",INDEX(Dim_Employee!$F:$F,MATCH(A5,Dim_Employee!$A:$A,0))) -> Yes
A6: EMP0005 | B6: 5 | C6: 4 | D6: 5 | E6: 2024-02-19 | F6: 5 | G6: 42 | H6: 98 | I6: 98.2 | J6: 86.4 | K6: 67.5 | L6: 95 | M6: 10 | N6: 0 | O6: 100 | P6: 3 | Q6: 4 | R6: High | S6: =INDEX(Dim_Job!$D:$D,MATCH(B6,Dim_Job!$E:$E,0)) -> Technology | T6: =INDEX(Dim_Job!$A:$A,MATCH(B6,Dim_Job!$E:$E,0)) -> Engineering | U6: =INDEX(Dim_Job!$B:$B,MATCH(B6,Dim_Job!$E:$E,0)) -> Senior | V6: =INDEX(Dim_Job!$C:$C,MATCH(B6,Dim_Job!$E:$E,0)) -> Small (51-200) | W6: =INDEX(Dim_Environment!$A:$A,MATCH(C6,Dim_Environment!$D:$D,0)) -> Rural | X6: =INDEX(Dim_Environment!$B:$B,MATCH(C6,Dim_Environment!$D:$D,0)) -> Average | Y6: =INDEX(Dim_Environment!$C:$C,MATCH(C6,Dim_Environment!$D:$D,0)) -> Moderate (25-50 Mbps) | Z6: =INDEX(Dim_Support!$A:$A,MATCH(D6,Dim_Support!$C:$C,0)) -> Very Low | AA6: =INDEX(Dim_Employee!$B:$B,MATCH(A6,Dim_Employee!$A:$A,0)) -> 32 | AB6: =INDEX(Dim_Employee!$C:$C,MATCH(A6,Dim_Employee!$A:$A,0)) -> Male | AC6: =INDEX(Dim_Employee!$D:$D,MATCH(A6,Dim_Employee!$A:$A,0)) -> High School | AD6: =INDEX(Dim_Employee!$E:$E,MATCH(A6,Dim_Employee!$A:$A,0)) -> Divorced | AE6: =IF(OR(AD6="Single",AD6="Engaged"),"No",INDEX(Dim_Employee!$F:$F,MATCH(A6,Dim_Employee!$A:$A,0))) -> Yes
A7: EMP0006 | B7: 6 | C7: 1 | D7: 6 | E7: 2024-02-15 | F7: 4 | G7: 43 | H7: 62 | I7: 59.8 | J7: 60.6 | K7: 44.2 | L7: 72.5 | M7: 7 | N7: 49 | O7: 100 | P7: 7 | Q7: 5 | R7: Medium | S7: =INDEX(Dim_Job!$D:$D,MATCH(B7,Dim_Job!$E:$E,0)) -> Technology | T7: =INDEX(Dim_Job!$A:$A,MATCH(B7,Dim_Job!$E:$E,0)) -> HR | U7: =INDEX(Dim_Job!$B:$B,MATCH(B7,Dim_Job!$E:$E,0)) -> Mid-Level | V7: =INDEX(Dim_Job!$C:$C,MATCH(B7,Dim_Job!$E:$E,0)) -> Medium (201-1000) | W7: =INDEX(Dim_Environment!$A:$A,MATCH(C7,Dim_Environment!$D:$D,0)) -> Urban | X7: =INDEX(Dim_Environment!$B:$B,MATCH(C7,Dim_Environment!$D:$D,0)) -> Good | Y7: =INDEX(Dim_Environment!$C:$C,MATCH(C7,Dim_Environment!$D:$D,0)) -> Very Fast (100+ Mbps) | Z7: =INDEX(Dim_Support!$A:$A,MATCH(D7,Dim_Support!$C:$C,0)) -> Very High | AA7: =INDEX(Dim_Employee!$B:$B,MATCH(A7,Dim_Employee!$A:$A,0)) -> 32 | AB7: =INDEX(Dim_Employee!$C:$C,MATCH(A7,Dim_Employee!$A:$A,0)) -> Male | AC7: =INDEX(Dim_Employee!$D:$D,MATCH(A7,Dim_Employee!$A:$A,0)) -> Bachelor Degree | AD7: =INDEX(Dim_Employee!$E:$E,MATCH(A7,Dim_Employee!$A:$A,0)) -> Engaged | AE7: =IF(OR(AD7="Single",AD7="Engaged"),"No",INDEX(Dim_Employee!$F:$F,MATCH(A7,Dim_Employee!$A:$A,0))) -> No
A8: EMP0007 | B8: 7 | C8: 5 | D8: 3 | E8: 2024-02-12 | F8: 2 | G8: 38 | H8: 66.2 | I8: 75 | J8: 65.8 | K8: 79.4 | L8: 90 | M8: 10 | N8: 12 | O8: 100 | P8: 8 | Q8: 3 | R8: Medium | S8: =INDEX(Dim_Job!$D:$D,MATCH(B8,Dim_Job!$E:$E,0)) -> Education | T8: =INDEX(Dim_Job!$A:$A,MATCH(B8,Dim_Job!$E:$E,0)) -> Marketing | U8: =INDEX(Dim_Job!$B:$B,MATCH(B8,Dim_Job!$E:$E,0)) -> Junior | V8: =INDEX(Dim_Job!$C:$C,MATCH(B8,Dim_Job!$E:$E,0)) -> Enterprise (5000+) | W8: =INDEX(Dim_Environment!$A:$A,MATCH(C8,Dim_Environment!$D:$D,0)) -> Suburban | X8: =INDEX(Dim_Environment!$B:$B,MATCH(C8,Dim_Environment!$D:$D,0)) -> Average | Y8: =INDEX(Dim_Environment!$C:$C,MATCH(C8,Dim_Environment!$D:$D,0)) -> Moderate (25-50 Mbps) | Z8: =INDEX(Dim_Support!$A:$A,MATCH(D8,Dim_Support!$C:$C,0)) -> Moderate | AA8: =INDEX(Dim_Employee!$B:$B,MATCH(A8,Dim_Employee!$A:$A,0)) -> 49 | AB8: =INDEX(Dim_Employee!$C:$C,MATCH(A8,Dim_Employee!$A:$A,0)) -> Female | AC8: =INDEX(Dim_Employee!$D:$D,MATCH(A8,Dim_Employee!$A:$A,0)) -> High School | AD8: =INDEX(Dim_Employee!$E:$E,MATCH(A8,Dim_Employee!$A:$A,0)) -> Engaged | AE8: =IF(OR(AD8="Single",AD8="Engaged"),"No",INDEX(Dim_Employee!$F:$F,MATCH(A8,Dim_Employee!$A:$A,0))) -> No
A9: EMP0008 | B9: 8 | C9: 6 | D9: 7 | E9: 2024-02-01 | F9: 0 | G9: 45 | H9: 77.2 | I9: 75 | J9: 86.3 | K9: 75.2 | L9: 94.8 | M9: 7 | N9: 13 | O9: 100 | P9: 4 | Q9: 5 | R9: High | S9: =INDEX(Dim_Job!$D:$D,MATCH(B9,Dim_Job!$E:$E,0)) -> Media | T9: =INDEX(Dim_Job!$A:$A,MATCH(B9,Dim_Job!$E:$E,0)) -> Sales | U9: =INDEX(Dim_Job!$B:$B,MATCH(B9,Dim_Job!$E:$E,0)) -> Manager | V9: =INDEX(Dim_Job!$C:$C,MATCH(B9,Dim_Job!$E:$E,0)) -> Large (1001-5000) | W9: =INDEX(Dim_Environment!$A:$A,MATCH(C9,Dim_Environment!$D:$D,0)) -> Suburban | X9: =INDEX(Dim_Environment!$B:$B,MATCH(C9,Dim_Environment!$D:$D,0)) -> Excellent | Y9: =INDEX(Dim_Environment!$C:$C,MATCH(C9,Dim_Environment!$D:$D,0)) -> Very Fast (100+ Mbps) | Z9: =INDEX(Dim_Support!$A:$A,MATCH(D9,Dim_Support!$C:$C,0)) -> Moderate | AA9: =INDEX(Dim_Employee!$B:$B,MATCH(A9,Dim_Employee!$A:$A,0)) -> 41 | AB9: =INDEX(Dim_Employee!$C:$C,MATCH(A9,Dim_Employee!$A:$A,0)) -> Female | AC9: =INDEX(Dim_Employee!$D:$D,MATCH(A9,Dim_Employee!$A:$A,0)) -> Bachelor Degree | AD9: =INDEX(Dim_Employee!$E:$E,MATCH(A9,Dim_Employee!$A:$A,0)) -> Married | AE9: =IF(OR(AD9="Single",AD9="Engaged"),"No",INDEX(Dim_Employee!$F:$F,MATCH(A9,Dim_Employee!$A:$A,0))) -> No
A10: EMP0009 | B10: 9 | C10: 7 | D10: 7 | E10: 2024-04-18 | F10: 4 | G10: 47 | H10: 73.8 | I10: 69 | J10: 89.1 | K10: 76.1 | L10: 93 | M10: 3 | N10: 25 | O10: 92.4 | P10: 8 | Q10: 7 | R10: Medium | S10: =INDEX(Dim_Job!$D:$D,MATCH(B10,Dim_Job!$E:$E,0)) -> Technology | T10: =INDEX(Dim_Job!$A:$A,MATCH(B10,Dim_Job!$E:$E,0)) -> Engineering | U10: =INDEX(Dim_Job!$B:$B,MATCH(B10,Dim_Job!$E:$E,0)) -> Senior | V10: =INDEX(Dim_Job!$C:$C,MATCH(B10,Dim_Job!$E:$E,0)) -> Startup (1-50) | W10: =INDEX(Dim_Environment!$A:$A,MATCH(C10,Dim_Environment!$D:$D,0)) -> Urban | X10: =INDEX(Dim_Environment!$B:$B,MATCH(C10,Dim_Environment!$D:$D,0)) -> Average | Y10: =INDEX(Dim_Environment!$C:$C,MATCH(C10,Dim_Environment!$D:$D,0)) -> Very Fast (100+ Mbps) | Z10: =INDEX(Dim_Support!$A:$A,MATCH(D10,Dim_Support!$C:$C,0)) -> Moderate | AA10: =INDEX(Dim_Employee!$B:$B,MATCH(A10,Dim_Employee!$A:$A,0)) -> 30 | AB10: =INDEX(Dim_Employee!$C:$C,MATCH(A10,Dim_Employee!$A:$A,0)) -> Male | AC10: =INDEX(Dim_Employee!$D:$D,MATCH(A10,Dim_Employee!$A:$A,0)) -> Master Degree | AD10: =INDEX(Dim_Employee!$E:$E,MATCH(A10,Dim_Employee!$A:$A,0)) -> Single | AE10: =IF(OR(AD10="Single",AD10="Engaged"),"No",INDEX(Dim_Employee!$F:$F,MATCH(A10,Dim_Employee!$A:$A,0))) -> No
A11: EMP0010 | B11: 10 | C11: 8 | D11: 4 | E11: 2024-01-28 | F11: 4 | G11: 32 | H11: 72.4 | I11: 77 | J11: 83.6 | K11: 80.2 | L11: 87.4 | M11: 6 | N11: 31 | O11: 100 | P11: 4 | Q11: 4 | R11: High | S11: =INDEX(Dim_Job!$D:$D,MATCH(B11,Dim_Job!$E:$E,0)) -> Media | T11: =INDEX(Dim_Job!$A:$A,MATCH(B11,Dim_Job!$E:$E,0)) -> Engineering | U11: =INDEX(Dim_Job!$B:$B,MATCH(B11,Dim_Job!$E:$E,0)) -> Senior | V11: =INDEX(Dim_Job!$C:$C,MATCH(B11,Dim_Job!$E:$E,0)) -> Large (1001-5000) | W11: =INDEX(Dim_Environment!$A:$A,MATCH(C11,Dim_Environment!$D:$D,0)) -> Urban | X11: =INDEX(Dim_Environment!$B:$B,MATCH(C11,Dim_Environment!$D:$D,0)) -> Good | Y11: =INDEX(Dim_Environment!$C:$C,MATCH(C11,Dim_Environment!$D:$D,0)) -> Slow (<25 Mbps) | Z11: =INDEX(Dim_Support!$A:$A,MATCH(D11,Dim_Support!$C:$C,0)) -> High | AA11: =INDEX(Dim_Employee!$B:$B,MATCH(A11,Dim_Employee!$A:$A,0)) -> 39 | AB11: =INDEX(Dim_Employee!$C:$C,MATCH(A11,Dim_Employee!$A:$A,0)) -> Female | AC11: =INDEX(Dim_Employee!$D:$D,MATCH(A11,Dim_Employee!$A:$A,0)) -> PhD | AD11: =INDEX(Dim_Employee!$E:$E,MATCH(A11,Dim_Employee!$A:$A,0)) -> Divorced | AE11: =IF(OR(AD11="Single",AD11="Engaged"),"No",INDEX(Dim_Employee!$F:$F,MATCH(A11,Dim_Employee!$A:$A,0))) -> Yes
A12: EMP0011 | B12: 11 | C12: 9 | D12: 8 | E12: 2024-04-10 | F12: 4 | G12: 32 | H12: 81.1 | I12: 88.7 | J12: 67.6 | K12: 68.7 | L12: 95 | M12: 13 | N12: 14 | O12: 100 | P12: 2 | Q12: 5 | R12: High | S12: =INDEX(Dim_Job!$D:$D,MATCH(B12,Dim_Job!$E:$E,0)) -> Finance | T12: =INDEX(Dim_Job!$A:$A,MATCH(B12,Dim_Job!$E:$E,0)) -> Engineering | U12: =INDEX(Dim_Job!$B:$B,MATCH(B12,Dim_Job!$E:$E,0)) -> Junior | V12: =INDEX(Dim_Job!$C:$C,MATCH(B12,Dim_Job!$E:$E,0)) -> Enterprise (5000+) | W12: =INDEX(Dim_Environment!$A:$A,MATCH(C12,Dim_Environment!$D:$D,0)) -> Rural | X12: =INDEX(Dim_Environment!$B:$B,MATCH(C12,Dim_Environment!$D:$D,0)) -> Good | Y12: =INDEX(Dim_Environment!$C:$C,MATCH(C12,Dim_Environment!$D:$D,0)) -> Very Fast (100+ Mbps) | Z12: =INDEX(Dim_Support!$A:$A,MATCH(D12,Dim_Support!$C:$C,0)) -> High | AA12: =INDEX(Dim_Employee!$B:$B,MATCH(A12,Dim_Employee!$A:$A,0)) -> 30 | AB12: =INDEX(Dim_Employee!$C:$C,MATCH(A12,Dim_Employee!$A:$A,0)) -> Female | AC12: =INDEX(Dim_Employee!$D:$D,MATCH(A12,Dim_Employee!$A:$A,0)) -> Associate Degree | AD12: =INDEX(Dim_Employee!$E:$E,MATCH(A12,Dim_Employee!$A:$A,0)) -> Married | AE12: =IF(OR(AD12="Single",AD12="Engaged"),"No",INDEX(Dim_Employee!$F:$F,MATCH(A12,Dim_Employee!$A:$A,0))) -> Yes
A13: EMP0012 | B13: 12 | C13: 10 | D13: 3 | E13: 2024-04-18 | F13: 5 | G13: 31 | H13: 98 | I13: 96.4 | J13: 95.5 | K13: 81.9 | L13: 95 | M13: 8 | N13: 0 | O13: 100 | P13: 6 | Q13: 7 | R13: Medium | S13: =INDEX(Dim_Job!$D:$D,MATCH(B13,Dim_Job!$E:$E,0)) -> Finance | T13: =INDEX(Dim_Job!$A:$A,MATCH(B13,Dim_Job!$E:$E,0)) -> Engineering | U13: =INDEX(Dim_Job!$B:$B,MATCH(B13,Dim_Job!$E:$E,0)) -> Junior | V13: =INDEX(Dim_Job!$C:$C,MATCH(B13,Dim_Job!$E:$E,0)) -> Small (51-200) | W13: =INDEX(Dim_Environment!$A:$A,MATCH(C13,Dim_Environment!$D:$D,0)) -> Suburban | X13: =INDEX(Dim_Environment!$B:$B,MATCH(C13,Dim_Environment!$D:$D,0)) -> Good | Y13: =INDEX(Dim_Environment!$C:$C,MATCH(C13,Dim_Environment!$D:$D,0)) -> Very Fast (100+ Mbps) | Z13: =INDEX(Dim_Support!$A:$A,MATCH(D13,Dim_Support!$C:$C,0)) -> Moderate | AA13: =INDEX(Dim_Employee!$B:$B,MATCH(A13,Dim_Employee!$A:$A,0)) -> 30 | AB13: =INDEX(Dim_Employee!$C:$C,MATCH(A13,Dim_Employee!$A:$A,0)) -> Male | AC13: =INDEX(Dim_Employee!$D:$D,MATCH(A13,Dim_Employee!$A:$A,0)) -> Bachelor Degree | AD13: =INDEX(Dim_Employee!$E:$E,MATCH(A13,Dim_Employee!$A:$A,0)) -> Married | AE13: =IF(OR(AD13="Single",AD13="Engaged"),"No",INDEX(Dim_Employee!$F:$F,MATCH(A13,Dim_Employee!$A:$A,0))) -> No
... A1501: EMP1500 | B1501: 590 | C1501: 21 | D1501: 15 | E1501: 2024-03-20 | F1501: 5 | G1501: 40 | H1501: 71.4 | I1501: 64.1 | J1501: 64.8 | K1501: 64.9 | L1501: 81 | M1501: 12 | N1501: 0 | O1501: 100 | P1501: 5 | Q1501: 7 | R1501: Low | S1501: =INDEX(Dim_Job!$D:$D,MATCH(B1501,Dim_Job!$E:$E,0)) -> Technology | T1501: =INDEX(Dim_Job!$A:$A,MATCH(B1501,Dim_Job!$E:$E,0)) -> Customer Success | U1501: =INDEX(Dim_Job!$B:$B,MATCH(B1501,Dim_Job!$E:$E,0)) -> Mid-Level | V1501: =INDEX(Dim_Job!$C:$C,MATCH(B1501,Dim_Job!$E:$E,0)) -> Enterprise (5000+) | W1501: =INDEX(Dim_Environment!$A:$A,MATCH(C1501,Dim_Environment!$D:$D,0)) -> Suburban | X1501: =INDEX(Dim_Environment!$B:$B,MATCH(C1501,Dim_Environment!$D:$D,0)) -> Poor | Y1501: =INDEX(Dim_Environment!$C:$C,MATCH(C1501,Dim_Environment!$D:$D,0)) -> Very Fast (100+ Mbps) | Z1501: =INDEX(Dim_Support!$A:$A,MATCH(D1501,Dim_Support!$C:$C,0)) -> Moderate | AA1501: =INDEX(Dim_Employee!$B:$B,MATCH(A1501,Dim_Employee!$A:$A,0)) -> 40 | AB1501: =INDEX(Dim_Employee!$C:$C,MATCH(A1501,Dim_Employee!$A:$A,0)) -> Male | AC1501: =INDEX(Dim_Employee!$D:$D,MATCH(A1501,Dim_Employee!$A:$A,0)) -> Bachelor Degree | AD1501: =INDEX(Dim_Employee!$E:$E,MATCH(A1501,Dim_Employee!$A:$A,0)) -> Divorced | AE1501: =IF(OR(AD1501="Single",AD1501="Engaged"),"No",INDEX(Dim_Employee!$F:$F,MATCH(A1501,Dim_Employee!$A:$A,0))) -> Yes

Sheet Dim_Employee
A1: Employee_ID | B1: Age | C1: Gender | D1: Education_Level | E1: Marital_Status | F1: Has_Children
A2: EMP0001 | B2: 39 | C2: Female | D2: Associate Degree | E2: Married | F2: Yes
A3: EMP0002 | B3: 33 | C3: Female | D3: Master Degree | E3: Married | F3: No
A4: EMP0003 | B4: 40 | C4: Male | D4: PhD | E4: Single | F4: Yes
A5: EMP0004 | B5: 48 | C5: Male | D5: Bachelor Degree | E5: Married | F5: Yes
A6: EMP0005 | B6: 32 | C6: Male | D6: High School | E6: Divorced | F6: Yes
A7: EMP0006 | B7: 32 | C7: Male | D7: Bachelor Degree | E7: Engaged | F7: No
A8: EMP0007 | B8: 49 | C8: Female | D8: High School | E8: Engaged | F8: No
A9: EMP0008 | B9: 41 | C9: Female | D9: Bachelor Degree | E9: Married | F9: No
A10: EMP0009 | B10: 30 | C10: Male | D10: Master Degree | E10: Single | F10: No
A11: EMP0010 | B11: 39 | C11: Female | D11: PhD | E11: Divorced | F11: Yes
A12: EMP0011 | B12: 30 | C12: Female | D12: Associate Degree | E12: Married | F12: Yes
A13: EMP0012 | B13: 30 | C13: Male | D13: Bachelor Degree | E13: Married | F13: No
... A1501: EMP1500 | B1501: 40 | C1501: Male | D1501: Bachelor Degree | E1501: Divorced | F1501: Yes

Sheet Dim_Job
A1: Department | B1: Job_Level | C1: Company_Size | D1: Industry | E1: Job_ID
A2: Product | B2: Mid-Level | C2: Large (1001-5000) | D2: Finance | E2: 1
A3: Customer Success | B3: Senior | C3: Startup (1-50) | D3: Education | E3: 2
A4: Operations | B4: Mid-Level | C4: Medium (201-1000) | D4: Technology | E4: 3
A5: Finance | B5: Manager | C5: Medium (201-1000) | D5: Technology | E5: 4
A6: Engineering | B6: Senior | C6: Small (51-200) | D6: Technology | E6: 5
A7: HR | B7: Mid-Level | C7: Medium (201-1000) | D7: Technology | E7: 6
A8: Marketing | B8: Junior | C8: Enterprise (5000+) | D8: Education | E8: 7
A9: Sales | B9: Manager | C9: Large (1001-5000) | D9: Media | E9: 8
A10: Engineering | B10: Senior | C10: Startup (1-50) | D10: Technology | E10: 9
A11: Engineering | B11: Senior | C11: Large (1001-5000) | D11: Media | E11: 10
A12: Engineering | B12: Junior | C12: Enterprise (5000+) | D12: Finance | E12: 11
A13: Engineering | B13: Junior | C13: Small (51-200) | D13: Finance | E13: 12
... A826: HR | B826: Senior | C826: Startup (1-50) | D826: Education | E826: 825

Sheet Dim_Environment
A1: Location_Type | B1: Home_Office_Quality | C1: Internet_Speed_Category | D1: Env_ID
A2: Urban | B2: Good | C2: Very Fast (100+ Mbps) | D2: 1
A3: Rural | B3: Excellent | C3: Fast (50-100 Mbps) | D3: 2
A4: Urban | B4: Excellent | C4: Very Fast (100+ Mbps) | D4: 3
A5: Rural | B5: Average | C5: Moderate (25-50 Mbps) | D5: 4
A6: Suburban | B6: Average | C6: Moderate (25-50 Mbps) | D6: 5
A7: Suburban | B7: Excellent | C7: Very Fast (100+ Mbps) | D7: 6
A8: Urban | B8: Average | C8: Very Fast (100+ Mbps) | D8: 7
A9: Urban | B9: Good | C9: Slow (<25 Mbps) | D9: 8
A10: Rural | B10: Good | C10: Very Fast (100+ Mbps) | D10: 9
A11: Suburban | B11: Good | C11: Very Fast (100+ Mbps) | D11: 10
A12: Urban | B12: Good | C12: Moderate (25-50 Mbps) | D12: 11
A13: Suburban | B13: Excellent | C13: Fast (50-100 Mbps) | D13: 12
... A48: Rural | B48: Poor | C48: Fast (50-100 Mbps) | D48: 47

Sheet Dim_Support
A1: Manager_Support_Level | B1: Team_Collaboration_Frequency | C1: Support_ID
A2: Low | B2: Few times per week | C2: 1
A3: Moderate | B3: Monthly | C3: 2
A4: Moderate | B4: Few times per week | C4: 3
A5: High | B5: Daily | C5: 4
A6: Very Low | B6: Few times per week | C6: 5
A7: Very High | B7: Few times per week | C7: 6
A8: Moderate | B8: Weekly | C8: 7
A9: High | B9: Weekly | C9: 8
A10: High | B10: Few times per week | C10: 9
A11: Very High | B11: Weekly | C11: 10
A12: Moderate | B12: Daily | C12: 11
A13: Very Low | B13: Daily | C13: 12
... A26: Very Low | B26: Bi-weekly | C26: 25
